N,Depth,Flat_Mean_ms,Flat_Std_ms,Trie_Mean_ms,Trie_Std_ms,P_Value
100,3,0.001491309982156963,0.0008468904539076848,0.033414348028600216,0.007230125530923482,0.0
1000,3,0.018046383002001676,0.0021427110939838847,0.3424613930092164,0.05179909868687656,0.0
5000,3,0.20747528495121514,0.02594957173730634,1.9005455639835418,0.3667000872595331,0.0
10000,3,0.4672478099928412,0.056956250730137076,3.809491049960343,0.35018714232789255,5.44617712419578e-166
50000,3,2.617465300063486,0.9197110309374739,30.16297065987601,4.206903459879053,8.616060546070737e-134
