N,Depth,Flat_Mean_ms,Flat_Std_ms,Trie_Mean_ms,Trie_Std_ms,P_Value
100,3,0.0014911759990354767,0.0009390391877282815,0.03471321100369096,0.006885554664179346,0.0
1000,3,0.02025878499262035,0.004637541183487869,0.36138861998188077,0.08615546030436809,0.0
5000,3,0.19972668296759366,0.018664004048469095,1.8845030200209294,0.3633383791349355,0.0
10000,3,0.4572734698376735,0.050816561738780866,3.989667199930409,0.43737197583676396,1.560189732511479e-152
50000,3,2.357270270022127,0.3329196327092703,31.197219299956487,4.014127735359123,4.41253521624224e-143
