N,Depth,Flat_Mean_ms,Flat_Std_ms,Trie_Mean_ms,Trie_Std_ms,P_Value
100,3,0.0010860780002985848,0.0007535781119201407,0.023169684999174933,0.008699491883186382,0.0
1000,3,0.014247721002448088,0.0028160395727859578,0.23721954099733011,0.03187791041626979,0.0
5000,3,0.14264201399851117,0.014555850659410074,1.2826875570012817,0.1006659579760287,0.0
10000,3,0.31174997999869447,0.02743146173728015,2.6820931099746304,0.1578426118138865,3.0274792998339048e-204
50000,3,1.8206100200109177,0.2015603364692626,16.981786610008385,1.0475610292363724,8.070245963635602e-201
